url_no,url,status,model,p_phishing,rank,feature,feature_value,shap_signed,abs_shap,direction
1,http://nmhokdypni.sum4iit.club/vnafvra97w/?q=3717065149&id=100,phishing,Random Forest (GA),0.7979316568453974,1,page_rank,0.0,0.12015696618917396,0.12015696618917396,PHISHING
1,http://nmhokdypni.sum4iit.club/vnafvra97w/?q=3717065149&id=100,phishing,Random Forest (GA),0.7979316568453974,2,google_index,0.0,-0.059068229243189094,0.059068229243189094,BENIGN
1,http://nmhokdypni.sum4iit.club/vnafvra97w/?q=3717065149&id=100,phishing,Random Forest (GA),0.7979316568453974,3,nb_hyperlinks,0.0,0.0425330081595767,0.0425330081595767,PHISHING
1,http://nmhokdypni.sum4iit.club/vnafvra97w/?q=3717065149&id=100,phishing,Random Forest (GA),0.7979316568453974,4,web_traffic,0.0,0.03974362738767638,0.03974362738767638,PHISHING
1,http://nmhokdypni.sum4iit.club/vnafvra97w/?q=3717065149&id=100,phishing,Random Forest (GA),0.7979316568453974,5,nb_www,0.0,0.028752530557445474,0.028752530557445474,PHISHING
1,http://nmhokdypni.sum4iit.club/vnafvra97w/?q=3717065149&id=100,phishing,Random Forest (GA),0.7979316568453974,6,domain_in_title,0.0,-0.02873083723562697,0.02873083723562697,BENIGN
1,http://nmhokdypni.sum4iit.club/vnafvra97w/?q=3717065149&id=100,phishing,Random Forest (GA),0.7979316568453974,7,ratio_digits_url,0.2580645161290322,0.02690446310848228,0.02690446310848228,PHISHING
1,http://nmhokdypni.sum4iit.club/vnafvra97w/?q=3717065149&id=100,phishing,Random Forest (GA),0.7979316568453974,8,domain_age,0.0,0.022951556802945774,0.022951556802945774,PHISHING
1,http://nmhokdypni.sum4iit.club/vnafvra97w/?q=3717065149&id=100,phishing,Random Forest (GA),0.7979316568453974,9,safe_anchor,0.0,0.016706454806479486,0.016706454806479486,PHISHING
1,http://nmhokdypni.sum4iit.club/vnafvra97w/?q=3717065149&id=100,phishing,Random Forest (GA),0.7979316568453974,10,ratio_digits_host,0.0434782608695652,0.015261253907542205,0.015261253907542205,PHISHING
1,http://nmhokdypni.sum4iit.club/vnafvra97w/?q=3717065149&id=100,phishing,XGBoost (GA),0.9764165282249451,1,page_rank,0.0,2.3509170991292923,2.3509170991292923,PHISHING
1,http://nmhokdypni.sum4iit.club/vnafvra97w/?q=3717065149&id=100,phishing,XGBoost (GA),0.9764165282249451,2,ratio_digits_url,0.2580645161290322,0.6772417863225564,0.6772417863225564,PHISHING
1,http://nmhokdypni.sum4iit.club/vnafvra97w/?q=3717065149&id=100,phishing,XGBoost (GA),0.9764165282249451,3,nb_www,0.0,0.6672764257178642,0.6672764257178642,PHISHING
1,http://nmhokdypni.sum4iit.club/vnafvra97w/?q=3717065149&id=100,phishing,XGBoost (GA),0.9764165282249451,4,nb_hyperlinks,0.0,0.6643539052669075,0.6643539052669075,PHISHING
1,http://nmhokdypni.sum4iit.club/vnafvra97w/?q=3717065149&id=100,phishing,XGBoost (GA),0.9764165282249451,5,google_index,0.0,-0.6554704890778521,0.6554704890778521,BENIGN
1,http://nmhokdypni.sum4iit.club/vnafvra97w/?q=3717065149&id=100,phishing,XGBoost (GA),0.9764165282249451,6,length_url,62.0,-0.6509288516093511,0.6509288516093511,BENIGN
1,http://nmhokdypni.sum4iit.club/vnafvra97w/?q=3717065149&id=100,phishing,XGBoost (GA),0.9764165282249451,7,https_token,0.0,0.4834759687283076,0.4834759687283076,PHISHING
1,http://nmhokdypni.sum4iit.club/vnafvra97w/?q=3717065149&id=100,phishing,XGBoost (GA),0.9764165282249451,8,nb_qm,1.0,0.4758421764220111,0.4758421764220111,PHISHING
1,http://nmhokdypni.sum4iit.club/vnafvra97w/?q=3717065149&id=100,phishing,XGBoost (GA),0.9764165282249451,9,longest_word_path,10.0,-0.42487761108670385,0.42487761108670385,BENIGN
1,http://nmhokdypni.sum4iit.club/vnafvra97w/?q=3717065149&id=100,phishing,XGBoost (GA),0.9764165282249451,10,suspicious_tld,1.0,0.3975001259986311,0.3975001259986311,PHISHING
1,http://nmhokdypni.sum4iit.club/vnafvra97w/?q=3717065149&id=100,phishing,Stacking (GA),0.9702855304131309,1,page_rank,0.0,0.16258730634674098,0.16258730634674098,PHISHING
1,http://nmhokdypni.sum4iit.club/vnafvra97w/?q=3717065149&id=100,phishing,Stacking (GA),0.9702855304131309,2,nb_hyperlinks,0.0,0.07048573712570864,0.07048573712570864,PHISHING
1,http://nmhokdypni.sum4iit.club/vnafvra97w/?q=3717065149&id=100,phishing,Stacking (GA),0.9702855304131309,3,nb_and,1.0,0.04350340519914766,0.04350340519914766,PHISHING
1,http://nmhokdypni.sum4iit.club/vnafvra97w/?q=3717065149&id=100,phishing,Stacking (GA),0.9702855304131309,4,longest_word_path,10.0,0.03889035573338601,0.03889035573338601,PHISHING
1,http://nmhokdypni.sum4iit.club/vnafvra97w/?q=3717065149&id=100,phishing,Stacking (GA),0.9702855304131309,5,links_in_tags,0.0,0.03620964169145388,0.03620964169145388,PHISHING
1,http://nmhokdypni.sum4iit.club/vnafvra97w/?q=3717065149&id=100,phishing,Stacking (GA),0.9702855304131309,6,whois_registered_domain,0.0,0.034948931191477246,0.034948931191477246,PHISHING
1,http://nmhokdypni.sum4iit.club/vnafvra97w/?q=3717065149&id=100,phishing,Stacking (GA),0.9702855304131309,7,ratio_digits_url,0.2580645161290322,0.02271362156445593,0.02271362156445593,PHISHING
1,http://nmhokdypni.sum4iit.club/vnafvra97w/?q=3717065149&id=100,phishing,Stacking (GA),0.9702855304131309,8,web_traffic,0.0,0.02270438609413078,0.02270438609413078,PHISHING
1,http://nmhokdypni.sum4iit.club/vnafvra97w/?q=3717065149&id=100,phishing,Stacking (GA),0.9702855304131309,9,dns_record,0.0,0.013716973614906851,0.013716973614906851,PHISHING
1,http://nmhokdypni.sum4iit.club/vnafvra97w/?q=3717065149&id=100,phishing,Stacking (GA),0.9702855304131309,10,nb_semicolumn,0.0,0.011169818263172022,0.011169818263172022,PHISHING
2,http://nmhokdypni.sum4iit.club/vnafvra97w/?q=3717065149&id=100,phishing,Random Forest (GA),0.7979316568453974,1,page_rank,0.0,0.12015696618917396,0.12015696618917396,PHISHING
2,http://nmhokdypni.sum4iit.club/vnafvra97w/?q=3717065149&id=100,phishing,Random Forest (GA),0.7979316568453974,2,google_index,0.0,-0.059068229243189094,0.059068229243189094,BENIGN
2,http://nmhokdypni.sum4iit.club/vnafvra97w/?q=3717065149&id=100,phishing,Random Forest (GA),0.7979316568453974,3,nb_hyperlinks,0.0,0.0425330081595767,0.0425330081595767,PHISHING
2,http://nmhokdypni.sum4iit.club/vnafvra97w/?q=3717065149&id=100,phishing,Random Forest (GA),0.7979316568453974,4,web_traffic,0.0,0.03974362738767638,0.03974362738767638,PHISHING
2,http://nmhokdypni.sum4iit.club/vnafvra97w/?q=3717065149&id=100,phishing,Random Forest (GA),0.7979316568453974,5,nb_www,0.0,0.028752530557445474,0.028752530557445474,PHISHING
2,http://nmhokdypni.sum4iit.club/vnafvra97w/?q=3717065149&id=100,phishing,Random Forest (GA),0.7979316568453974,6,domain_in_title,0.0,-0.02873083723562697,0.02873083723562697,BENIGN
2,http://nmhokdypni.sum4iit.club/vnafvra97w/?q=3717065149&id=100,phishing,Random Forest (GA),0.7979316568453974,7,ratio_digits_url,0.2580645161290322,0.02690446310848228,0.02690446310848228,PHISHING
2,http://nmhokdypni.sum4iit.club/vnafvra97w/?q=3717065149&id=100,phishing,Random Forest (GA),0.7979316568453974,8,domain_age,0.0,0.022951556802945774,0.022951556802945774,PHISHING
2,http://nmhokdypni.sum4iit.club/vnafvra97w/?q=3717065149&id=100,phishing,Random Forest (GA),0.7979316568453974,9,safe_anchor,0.0,0.016706454806479486,0.016706454806479486,PHISHING
2,http://nmhokdypni.sum4iit.club/vnafvra97w/?q=3717065149&id=100,phishing,Random Forest (GA),0.7979316568453974,10,ratio_digits_host,0.0434782608695652,0.015261253907542205,0.015261253907542205,PHISHING
2,http://nmhokdypni.sum4iit.club/vnafvra97w/?q=3717065149&id=100,phishing,XGBoost (GA),0.9764165282249451,1,page_rank,0.0,2.3509170991292923,2.3509170991292923,PHISHING
2,http://nmhokdypni.sum4iit.club/vnafvra97w/?q=3717065149&id=100,phishing,XGBoost (GA),0.9764165282249451,2,ratio_digits_url,0.2580645161290322,0.6772417863225564,0.6772417863225564,PHISHING
2,http://nmhokdypni.sum4iit.club/vnafvra97w/?q=3717065149&id=100,phishing,XGBoost (GA),0.9764165282249451,3,nb_www,0.0,0.6672764257178642,0.6672764257178642,PHISHING
2,http://nmhokdypni.sum4iit.club/vnafvra97w/?q=3717065149&id=100,phishing,XGBoost (GA),0.9764165282249451,4,nb_hyperlinks,0.0,0.6643539052669075,0.6643539052669075,PHISHING
2,http://nmhokdypni.sum4iit.club/vnafvra97w/?q=3717065149&id=100,phishing,XGBoost (GA),0.9764165282249451,5,google_index,0.0,-0.6554704890778521,0.6554704890778521,BENIGN
2,http://nmhokdypni.sum4iit.club/vnafvra97w/?q=3717065149&id=100,phishing,XGBoost (GA),0.9764165282249451,6,length_url,62.0,-0.6509288516093511,0.6509288516093511,BENIGN
2,http://nmhokdypni.sum4iit.club/vnafvra97w/?q=3717065149&id=100,phishing,XGBoost (GA),0.9764165282249451,7,https_token,0.0,0.4834759687283076,0.4834759687283076,PHISHING
2,http://nmhokdypni.sum4iit.club/vnafvra97w/?q=3717065149&id=100,phishing,XGBoost (GA),0.9764165282249451,8,nb_qm,1.0,0.4758421764220111,0.4758421764220111,PHISHING
2,http://nmhokdypni.sum4iit.club/vnafvra97w/?q=3717065149&id=100,phishing,XGBoost (GA),0.9764165282249451,9,longest_word_path,10.0,-0.42487761108670385,0.42487761108670385,BENIGN
2,http://nmhokdypni.sum4iit.club/vnafvra97w/?q=3717065149&id=100,phishing,XGBoost (GA),0.9764165282249451,10,suspicious_tld,1.0,0.3975001259986311,0.3975001259986311,PHISHING
2,http://nmhokdypni.sum4iit.club/vnafvra97w/?q=3717065149&id=100,phishing,Stacking (GA),0.9702855304131309,1,page_rank,0.0,0.1535670124978457,0.1535670124978457,PHISHING
2,http://nmhokdypni.sum4iit.club/vnafvra97w/?q=3717065149&id=100,phishing,Stacking (GA),0.9702855304131309,2,statistical_report,1.0,0.05658535947506487,0.05658535947506487,PHISHING
2,http://nmhokdypni.sum4iit.club/vnafvra97w/?q=3717065149&id=100,phishing,Stacking (GA),0.9702855304131309,3,ratio_digits_url,0.2580645161290322,0.055498918492127326,0.055498918492127326,PHISHING
2,http://nmhokdypni.sum4iit.club/vnafvra97w/?q=3717065149&id=100,phishing,Stacking (GA),0.9702855304131309,4,nb_extCSS,0.0,0.05489650547555602,0.05489650547555602,PHISHING
2,http://nmhokdypni.sum4iit.club/vnafvra97w/?q=3717065149&id=100,phishing,Stacking (GA),0.9702855304131309,5,avg_word_path,10.0,0.03129533767418676,0.03129533767418676,PHISHING
2,http://nmhokdypni.sum4iit.club/vnafvra97w/?q=3717065149&id=100,phishing,Stacking (GA),0.9702855304131309,6,nb_hyperlinks,0.0,0.028839986309284138,0.028839986309284138,PHISHING
2,http://nmhokdypni.sum4iit.club/vnafvra97w/?q=3717065149&id=100,phishing,Stacking (GA),0.9702855304131309,7,nb_dots,2.0,0.02704875620628534,0.02704875620628534,PHISHING
2,http://nmhokdypni.sum4iit.club/vnafvra97w/?q=3717065149&id=100,phishing,Stacking (GA),0.9702855304131309,8,web_traffic,0.0,0.022158179278157594,0.022158179278157594,PHISHING
2,http://nmhokdypni.sum4iit.club/vnafvra97w/?q=3717065149&id=100,phishing,Stacking (GA),0.9702855304131309,9,nb_dslash,1.0,0.018115845275043858,0.018115845275043858,PHISHING
2,http://nmhokdypni.sum4iit.club/vnafvra97w/?q=3717065149&id=100,phishing,Stacking (GA),0.9702855304131309,10,safe_anchor,0.0,0.008924276141028338,0.008924276141028338,PHISHING
3,http://nmhokdypni.sum4iit.club/vnafvra97w/?q=3717065149&id=100,phishing,Random Forest (GA),0.7979316568453974,1,page_rank,0.0,0.12015696618917396,0.12015696618917396,PHISHING
3,http://nmhokdypni.sum4iit.club/vnafvra97w/?q=3717065149&id=100,phishing,Random Forest (GA),0.7979316568453974,2,google_index,0.0,-0.059068229243189094,0.059068229243189094,BENIGN
3,http://nmhokdypni.sum4iit.club/vnafvra97w/?q=3717065149&id=100,phishing,Random Forest (GA),0.7979316568453974,3,nb_hyperlinks,0.0,0.0425330081595767,0.0425330081595767,PHISHING
3,http://nmhokdypni.sum4iit.club/vnafvra97w/?q=3717065149&id=100,phishing,Random Forest (GA),0.7979316568453974,4,web_traffic,0.0,0.03974362738767638,0.03974362738767638,PHISHING
3,http://nmhokdypni.sum4iit.club/vnafvra97w/?q=3717065149&id=100,phishing,Random Forest (GA),0.7979316568453974,5,nb_www,0.0,0.028752530557445474,0.028752530557445474,PHISHING
3,http://nmhokdypni.sum4iit.club/vnafvra97w/?q=3717065149&id=100,phishing,Random Forest (GA),0.7979316568453974,6,domain_in_title,0.0,-0.02873083723562697,0.02873083723562697,BENIGN
3,http://nmhokdypni.sum4iit.club/vnafvra97w/?q=3717065149&id=100,phishing,Random Forest (GA),0.7979316568453974,7,ratio_digits_url,0.2580645161290322,0.02690446310848228,0.02690446310848228,PHISHING
3,http://nmhokdypni.sum4iit.club/vnafvra97w/?q=3717065149&id=100,phishing,Random Forest (GA),0.7979316568453974,8,domain_age,0.0,0.022951556802945774,0.022951556802945774,PHISHING
3,http://nmhokdypni.sum4iit.club/vnafvra97w/?q=3717065149&id=100,phishing,Random Forest (GA),0.7979316568453974,9,safe_anchor,0.0,0.016706454806479486,0.016706454806479486,PHISHING
3,http://nmhokdypni.sum4iit.club/vnafvra97w/?q=3717065149&id=100,phishing,Random Forest (GA),0.7979316568453974,10,ratio_digits_host,0.0434782608695652,0.015261253907542205,0.015261253907542205,PHISHING
3,http://nmhokdypni.sum4iit.club/vnafvra97w/?q=3717065149&id=100,phishing,XGBoost (GA),0.9764165282249451,1,page_rank,0.0,2.3509170991292923,2.3509170991292923,PHISHING
3,http://nmhokdypni.sum4iit.club/vnafvra97w/?q=3717065149&id=100,phishing,XGBoost (GA),0.9764165282249451,2,ratio_digits_url,0.2580645161290322,0.6772417863225564,0.6772417863225564,PHISHING
3,http://nmhokdypni.sum4iit.club/vnafvra97w/?q=3717065149&id=100,phishing,XGBoost (GA),0.9764165282249451,3,nb_www,0.0,0.6672764257178642,0.6672764257178642,PHISHING
3,http://nmhokdypni.sum4iit.club/vnafvra97w/?q=3717065149&id=100,phishing,XGBoost (GA),0.9764165282249451,4,nb_hyperlinks,0.0,0.6643539052669075,0.6643539052669075,PHISHING
3,http://nmhokdypni.sum4iit.club/vnafvra97w/?q=3717065149&id=100,phishing,XGBoost (GA),0.9764165282249451,5,google_index,0.0,-0.6554704890778521,0.6554704890778521,BENIGN
3,http://nmhokdypni.sum4iit.club/vnafvra97w/?q=3717065149&id=100,phishing,XGBoost (GA),0.9764165282249451,6,length_url,62.0,-0.6509288516093511,0.6509288516093511,BENIGN
3,http://nmhokdypni.sum4iit.club/vnafvra97w/?q=3717065149&id=100,phishing,XGBoost (GA),0.9764165282249451,7,https_token,0.0,0.4834759687283076,0.4834759687283076,PHISHING
3,http://nmhokdypni.sum4iit.club/vnafvra97w/?q=3717065149&id=100,phishing,XGBoost (GA),0.9764165282249451,8,nb_qm,1.0,0.4758421764220111,0.4758421764220111,PHISHING
3,http://nmhokdypni.sum4iit.club/vnafvra97w/?q=3717065149&id=100,phishing,XGBoost (GA),0.9764165282249451,9,longest_word_path,10.0,-0.42487761108670385,0.42487761108670385,BENIGN
3,http://nmhokdypni.sum4iit.club/vnafvra97w/?q=3717065149&id=100,phishing,XGBoost (GA),0.9764165282249451,10,suspicious_tld,1.0,0.3975001259986311,0.3975001259986311,PHISHING
3,http://nmhokdypni.sum4iit.club/vnafvra97w/?q=3717065149&id=100,phishing,Stacking (GA),0.9702855304131309,1,page_rank,0.0,0.21328456980691274,0.21328456980691274,PHISHING
3,http://nmhokdypni.sum4iit.club/vnafvra97w/?q=3717065149&id=100,phishing,Stacking (GA),0.9702855304131309,2,avg_word_path,10.0,0.047462839836250416,0.047462839836250416,PHISHING
3,http://nmhokdypni.sum4iit.club/vnafvra97w/?q=3717065149&id=100,phishing,Stacking (GA),0.9702855304131309,3,domain_in_brand,0.0,0.0434279665344824,0.0434279665344824,PHISHING
3,http://nmhokdypni.sum4iit.club/vnafvra97w/?q=3717065149&id=100,phishing,Stacking (GA),0.9702855304131309,4,nb_extCSS,0.0,0.03236740899460767,0.03236740899460767,PHISHING
3,http://nmhokdypni.sum4iit.club/vnafvra97w/?q=3717065149&id=100,phishing,Stacking (GA),0.9702855304131309,5,ratio_intHyperlinks,0.0,0.03017159513407955,0.03017159513407955,PHISHING
3,http://nmhokdypni.sum4iit.club/vnafvra97w/?q=3717065149&id=100,phishing,Stacking (GA),0.9702855304131309,6,ratio_extErrors,0.0,0.026445300092873724,0.026445300092873724,PHISHING
3,http://nmhokdypni.sum4iit.club/vnafvra97w/?q=3717065149&id=100,phishing,Stacking (GA),0.9702855304131309,7,nb_qm,1.0,0.02331234326920301,0.02331234326920301,PHISHING
3,http://nmhokdypni.sum4iit.club/vnafvra97w/?q=3717065149&id=100,phishing,Stacking (GA),0.9702855304131309,8,longest_word_host,10.0,0.015913028796188868,0.015913028796188868,PHISHING
3,http://nmhokdypni.sum4iit.club/vnafvra97w/?q=3717065149&id=100,phishing,Stacking (GA),0.9702855304131309,9,shortening_service,0.0,0.015476582369927439,0.015476582369927439,PHISHING
3,http://nmhokdypni.sum4iit.club/vnafvra97w/?q=3717065149&id=100,phishing,Stacking (GA),0.9702855304131309,10,nb_eq,2.0,0.009068541990054265,0.009068541990054265,PHISHING
4,http://nmhokdypni.sum4iit.club/vnafvra97w/?q=3717065149&id=100,phishing,Random Forest (GA),0.7979316568453974,1,page_rank,0.0,0.12015696618917396,0.12015696618917396,PHISHING
4,http://nmhokdypni.sum4iit.club/vnafvra97w/?q=3717065149&id=100,phishing,Random Forest (GA),0.7979316568453974,2,google_index,0.0,-0.059068229243189094,0.059068229243189094,BENIGN
4,http://nmhokdypni.sum4iit.club/vnafvra97w/?q=3717065149&id=100,phishing,Random Forest (GA),0.7979316568453974,3,nb_hyperlinks,0.0,0.0425330081595767,0.0425330081595767,PHISHING
4,http://nmhokdypni.sum4iit.club/vnafvra97w/?q=3717065149&id=100,phishing,Random Forest (GA),0.7979316568453974,4,web_traffic,0.0,0.03974362738767638,0.03974362738767638,PHISHING
4,http://nmhokdypni.sum4iit.club/vnafvra97w/?q=3717065149&id=100,phishing,Random Forest (GA),0.7979316568453974,5,nb_www,0.0,0.028752530557445474,0.028752530557445474,PHISHING
4,http://nmhokdypni.sum4iit.club/vnafvra97w/?q=3717065149&id=100,phishing,Random Forest (GA),0.7979316568453974,6,domain_in_title,0.0,-0.02873083723562697,0.02873083723562697,BENIGN
4,http://nmhokdypni.sum4iit.club/vnafvra97w/?q=3717065149&id=100,phishing,Random Forest (GA),0.7979316568453974,7,ratio_digits_url,0.2580645161290322,0.02690446310848228,0.02690446310848228,PHISHING
4,http://nmhokdypni.sum4iit.club/vnafvra97w/?q=3717065149&id=100,phishing,Random Forest (GA),0.7979316568453974,8,domain_age,0.0,0.022951556802945774,0.022951556802945774,PHISHING
4,http://nmhokdypni.sum4iit.club/vnafvra97w/?q=3717065149&id=100,phishing,Random Forest (GA),0.7979316568453974,9,safe_anchor,0.0,0.016706454806479486,0.016706454806479486,PHISHING
4,http://nmhokdypni.sum4iit.club/vnafvra97w/?q=3717065149&id=100,phishing,Random Forest (GA),0.7979316568453974,10,ratio_digits_host,0.0434782608695652,0.015261253907542205,0.015261253907542205,PHISHING
4,http://nmhokdypni.sum4iit.club/vnafvra97w/?q=3717065149&id=100,phishing,XGBoost (GA),0.9764165282249451,1,page_rank,0.0,2.3509170991292923,2.3509170991292923,PHISHING
4,http://nmhokdypni.sum4iit.club/vnafvra97w/?q=3717065149&id=100,phishing,XGBoost (GA),0.9764165282249451,2,ratio_digits_url,0.2580645161290322,0.6772417863225564,0.6772417863225564,PHISHING
4,http://nmhokdypni.sum4iit.club/vnafvra97w/?q=3717065149&id=100,phishing,XGBoost (GA),0.9764165282249451,3,nb_www,0.0,0.6672764257178642,0.6672764257178642,PHISHING
4,http://nmhokdypni.sum4iit.club/vnafvra97w/?q=3717065149&id=100,phishing,XGBoost (GA),0.9764165282249451,4,nb_hyperlinks,0.0,0.6643539052669075,0.6643539052669075,PHISHING
4,http://nmhokdypni.sum4iit.club/vnafvra97w/?q=3717065149&id=100,phishing,XGBoost (GA),0.9764165282249451,5,google_index,0.0,-0.6554704890778521,0.6554704890778521,BENIGN
4,http://nmhokdypni.sum4iit.club/vnafvra97w/?q=3717065149&id=100,phishing,XGBoost (GA),0.9764165282249451,6,length_url,62.0,-0.6509288516093511,0.6509288516093511,BENIGN
4,http://nmhokdypni.sum4iit.club/vnafvra97w/?q=3717065149&id=100,phishing,XGBoost (GA),0.9764165282249451,7,https_token,0.0,0.4834759687283076,0.4834759687283076,PHISHING
4,http://nmhokdypni.sum4iit.club/vnafvra97w/?q=3717065149&id=100,phishing,XGBoost (GA),0.9764165282249451,8,nb_qm,1.0,0.4758421764220111,0.4758421764220111,PHISHING
4,http://nmhokdypni.sum4iit.club/vnafvra97w/?q=3717065149&id=100,phishing,XGBoost (GA),0.9764165282249451,9,longest_word_path,10.0,-0.42487761108670385,0.42487761108670385,BENIGN
4,http://nmhokdypni.sum4iit.club/vnafvra97w/?q=3717065149&id=100,phishing,XGBoost (GA),0.9764165282249451,10,suspicious_tld,1.0,0.3975001259986311,0.3975001259986311,PHISHING
4,http://nmhokdypni.sum4iit.club/vnafvra97w/?q=3717065149&id=100,phishing,Stacking (GA),0.9702855304131309,1,page_rank,0.0,0.12137401849195455,0.12137401849195455,PHISHING
4,http://nmhokdypni.sum4iit.club/vnafvra97w/?q=3717065149&id=100,phishing,Stacking (GA),0.9702855304131309,2,length_hostname,23.0,0.07639545421699273,0.07639545421699273,PHISHING
4,http://nmhokdypni.sum4iit.club/vnafvra97w/?q=3717065149&id=100,phishing,Stacking (GA),0.9702855304131309,3,ratio_extHyperlinks,0.0,0.04841611334181456,0.04841611334181456,PHISHING
4,http://nmhokdypni.sum4iit.club/vnafvra97w/?q=3717065149&id=100,phishing,Stacking (GA),0.9702855304131309,4,nb_semicolumn,0.0,0.045987089359905156,0.045987089359905156,PHISHING
4,http://nmhokdypni.sum4iit.club/vnafvra97w/?q=3717065149&id=100,phishing,Stacking (GA),0.9702855304131309,5,nb_underscore,0.0,0.03858662627216255,0.03858662627216255,PHISHING
4,http://nmhokdypni.sum4iit.club/vnafvra97w/?q=3717065149&id=100,phishing,Stacking (GA),0.9702855304131309,6,ratio_intHyperlinks,0.0,0.03145596391390154,0.03145596391390154,PHISHING
4,http://nmhokdypni.sum4iit.club/vnafvra97w/?q=3717065149&id=100,phishing,Stacking (GA),0.9702855304131309,7,web_traffic,0.0,0.03052159965881939,0.03052159965881939,PHISHING
4,http://nmhokdypni.sum4iit.club/vnafvra97w/?q=3717065149&id=100,phishing,Stacking (GA),0.9702855304131309,8,nb_eq,2.0,0.028230209321748728,0.028230209321748728,PHISHING
4,http://nmhokdypni.sum4iit.club/vnafvra97w/?q=3717065149&id=100,phishing,Stacking (GA),0.9702855304131309,9,popup_window,0.0,0.023356527946128247,0.023356527946128247,PHISHING
4,http://nmhokdypni.sum4iit.club/vnafvra97w/?q=3717065149&id=100,phishing,Stacking (GA),0.9702855304131309,10,avg_word_path,10.0,0.012606574301152593,0.012606574301152593,PHISHING
