url_no,url,status,model,p_phishing,prediction,rank,feature,feature_value,shap_signed,abs_shap,direction
1,https://github.com,benign,Random Forest (GA),0.435,BENIGN,1,google_index,1.0,0.08358,0.08358,PHISHING
1,https://github.com,benign,Random Forest (GA),0.435,BENIGN,2,page_rank,7.83,-0.067107,0.067107,BENIGN
1,https://github.com,benign,Random Forest (GA),0.435,BENIGN,3,nb_hyperlinks,151.0,-0.06403,0.06403,BENIGN
1,https://github.com,benign,Random Forest (GA),0.435,BENIGN,4,web_traffic,0.0,0.040412,0.040412,PHISHING
1,https://github.com,benign,Random Forest (GA),0.435,BENIGN,5,nb_www,0.0,0.031279,0.031279,PHISHING
1,https://github.com,benign,Random Forest (GA),0.435,BENIGN,6,domain_in_brand,1.0,-0.030305,0.030305,BENIGN
1,https://github.com,benign,Random Forest (GA),0.435,BENIGN,7,domain_age,0.0,0.027717,0.027717,PHISHING
1,https://github.com,benign,Random Forest (GA),0.435,BENIGN,8,ratio_extMedia,100.0,-0.013126,0.013126,BENIGN
1,https://github.com,benign,Random Forest (GA),0.435,BENIGN,9,char_repeat,2.0,0.012869,0.012869,PHISHING
1,https://github.com,benign,Random Forest (GA),0.435,BENIGN,10,ratio_intHyperlinks,0.913907284768212,-0.01214,0.01214,BENIGN
1,https://github.com,benign,XGBoost (GA),0.1095,BENIGN,1,page_rank,7.83,-1.442231,1.442231,BENIGN
1,https://github.com,benign,XGBoost (GA),0.1095,BENIGN,2,nb_hyperlinks,151.0,-1.26054,1.26054,BENIGN
1,https://github.com,benign,XGBoost (GA),0.1095,BENIGN,3,google_index,1.0,1.051328,1.051328,PHISHING
1,https://github.com,benign,XGBoost (GA),0.1095,BENIGN,4,nb_www,0.0,0.917669,0.917669,PHISHING
1,https://github.com,benign,XGBoost (GA),0.1095,BENIGN,5,domain_in_brand,1.0,-0.854733,0.854733,BENIGN
1,https://github.com,benign,XGBoost (GA),0.1095,BENIGN,6,phish_hints,0.0,-0.419921,0.419921,BENIGN
1,https://github.com,benign,XGBoost (GA),0.1095,BENIGN,7,length_url,18.0,0.392311,0.392311,PHISHING
1,https://github.com,benign,XGBoost (GA),0.1095,BENIGN,8,web_traffic,0.0,0.372484,0.372484,PHISHING
1,https://github.com,benign,XGBoost (GA),0.1095,BENIGN,9,shortest_word_path,0.0,-0.345098,0.345098,BENIGN
1,https://github.com,benign,XGBoost (GA),0.1095,BENIGN,10,nb_hyphens,0.0,0.331981,0.331981,PHISHING
1,https://github.com,benign,"Stacking (RF+XGB+LR, GA)",0.1415,BENIGN,1,page_rank,7.83,-0.08865,0.08865,BENIGN
1,https://github.com,benign,"Stacking (RF+XGB+LR, GA)",0.1415,BENIGN,2,nb_hyperlinks,151.0,-0.082674,0.082674,BENIGN
1,https://github.com,benign,"Stacking (RF+XGB+LR, GA)",0.1415,BENIGN,3,domain_in_brand,1.0,-0.07931,0.07931,BENIGN
1,https://github.com,benign,"Stacking (RF+XGB+LR, GA)",0.1415,BENIGN,4,ratio_digits_host,0.0,-0.035102,0.035102,BENIGN
1,https://github.com,benign,"Stacking (RF+XGB+LR, GA)",0.1415,BENIGN,5,nb_extCSS,19.0,-0.032247,0.032247,BENIGN
1,https://github.com,benign,"Stacking (RF+XGB+LR, GA)",0.1415,BENIGN,6,phish_hints,0.0,-0.015599,0.015599,BENIGN
1,https://github.com,benign,"Stacking (RF+XGB+LR, GA)",0.1415,BENIGN,7,links_in_tags,89.65517241379311,-0.014642,0.014642,BENIGN
1,https://github.com,benign,"Stacking (RF+XGB+LR, GA)",0.1415,BENIGN,8,length_words_raw,3.0,-0.011979,0.011979,BENIGN
1,https://github.com,benign,"Stacking (RF+XGB+LR, GA)",0.1415,BENIGN,9,tld_in_subdomain,0.0,-0.006867,0.006867,BENIGN
1,https://github.com,benign,"Stacking (RF+XGB+LR, GA)",0.1415,BENIGN,10,domain_registration_length,0.0,-0.004886,0.004886,BENIGN
2,https://www.google.com,benign,Random Forest (GA),0.5435,BENIGN,1,google_index,1.0,0.099721,0.099721,PHISHING
2,https://www.google.com,benign,Random Forest (GA),0.5435,BENIGN,2,page_rank,6.32,-0.059933,0.059933,BENIGN
2,https://www.google.com,benign,Random Forest (GA),0.5435,BENIGN,3,web_traffic,0.0,0.055692,0.055692,PHISHING
2,https://www.google.com,benign,Random Forest (GA),0.5435,BENIGN,4,nb_www,1.0,-0.042836,0.042836,BENIGN
2,https://www.google.com,benign,Random Forest (GA),0.5435,BENIGN,5,nb_hyperlinks,12.0,0.037637,0.037637,PHISHING
2,https://www.google.com,benign,Random Forest (GA),0.5435,BENIGN,6,domain_age,0.0,0.026083,0.026083,PHISHING
2,https://www.google.com,benign,Random Forest (GA),0.5435,BENIGN,7,domain_in_brand,1.0,-0.019589,0.019589,BENIGN
2,https://www.google.com,benign,Random Forest (GA),0.5435,BENIGN,8,ratio_digits_url,0.0,-0.01385,0.01385,BENIGN
2,https://www.google.com,benign,Random Forest (GA),0.5435,BENIGN,9,shortest_word_path,0.0,-0.01225,0.01225,BENIGN
2,https://www.google.com,benign,Random Forest (GA),0.5435,BENIGN,10,safe_anchor,0.0,0.011461,0.011461,PHISHING
2,https://www.google.com,benign,XGBoost (GA),0.0868,BENIGN,1,page_rank,6.32,-1.499261,1.499261,BENIGN
2,https://www.google.com,benign,XGBoost (GA),0.0868,BENIGN,2,nb_www,1.0,-1.1752,1.1752,BENIGN
2,https://www.google.com,benign,XGBoost (GA),0.0868,BENIGN,3,google_index,1.0,1.020429,1.020429,PHISHING
2,https://www.google.com,benign,XGBoost (GA),0.0868,BENIGN,4,nb_hyperlinks,12.0,0.828504,0.828504,PHISHING
2,https://www.google.com,benign,XGBoost (GA),0.0868,BENIGN,5,domain_in_brand,1.0,-0.549278,0.549278,BENIGN
2,https://www.google.com,benign,XGBoost (GA),0.0868,BENIGN,6,shortest_word_path,0.0,-0.460972,0.460972,BENIGN
2,https://www.google.com,benign,XGBoost (GA),0.0868,BENIGN,7,phish_hints,0.0,-0.444951,0.444951,BENIGN
2,https://www.google.com,benign,XGBoost (GA),0.0868,BENIGN,8,domain_age,0.0,0.36444,0.36444,PHISHING
2,https://www.google.com,benign,XGBoost (GA),0.0868,BENIGN,9,length_hostname,14.0,-0.311449,0.311449,BENIGN
2,https://www.google.com,benign,XGBoost (GA),0.0868,BENIGN,10,nb_hyphens,0.0,0.2912,0.2912,PHISHING
2,https://www.google.com,benign,"Stacking (RF+XGB+LR, GA)",0.227,BENIGN,1,nb_www,1.0,-0.12302,0.12302,BENIGN
2,https://www.google.com,benign,"Stacking (RF+XGB+LR, GA)",0.227,BENIGN,2,page_rank,6.32,-0.047801,0.047801,BENIGN
2,https://www.google.com,benign,"Stacking (RF+XGB+LR, GA)",0.227,BENIGN,3,tld_in_path,0.0,-0.023505,0.023505,BENIGN
2,https://www.google.com,benign,"Stacking (RF+XGB+LR, GA)",0.227,BENIGN,4,char_repeat,5.0,-0.021793,0.021793,BENIGN
2,https://www.google.com,benign,"Stacking (RF+XGB+LR, GA)",0.227,BENIGN,5,domain_in_brand,1.0,-0.0215,0.0215,BENIGN
2,https://www.google.com,benign,"Stacking (RF+XGB+LR, GA)",0.227,BENIGN,6,ratio_extHyperlinks,0.3333333333333333,-0.019832,0.019832,BENIGN
2,https://www.google.com,benign,"Stacking (RF+XGB+LR, GA)",0.227,BENIGN,7,avg_word_host,4.0,-0.010821,0.010821,BENIGN
2,https://www.google.com,benign,"Stacking (RF+XGB+LR, GA)",0.227,BENIGN,8,length_hostname,14.0,-0.009262,0.009262,BENIGN
2,https://www.google.com,benign,"Stacking (RF+XGB+LR, GA)",0.227,BENIGN,9,shortest_word_path,0.0,-0.005321,0.005321,BENIGN
2,https://www.google.com,benign,"Stacking (RF+XGB+LR, GA)",0.227,BENIGN,10,ratio_digits_url,0.0,-0.00354,0.00354,BENIGN
3,https://www.ietf.org/,benign,Random Forest (GA),0.3597,BENIGN,1,google_index,1.0,0.090152,0.090152,PHISHING
3,https://www.ietf.org/,benign,Random Forest (GA),0.3597,BENIGN,2,page_rank,4.78,-0.060697,0.060697,BENIGN
3,https://www.ietf.org/,benign,Random Forest (GA),0.3597,BENIGN,3,nb_hyperlinks,160.0,-0.058778,0.058778,BENIGN
3,https://www.ietf.org/,benign,Random Forest (GA),0.3597,BENIGN,4,nb_www,1.0,-0.049908,0.049908,BENIGN
3,https://www.ietf.org/,benign,Random Forest (GA),0.3597,BENIGN,5,web_traffic,0.0,0.048098,0.048098,PHISHING
3,https://www.ietf.org/,benign,Random Forest (GA),0.3597,BENIGN,6,domain_age,0.0,0.018795,0.018795,PHISHING
3,https://www.ietf.org/,benign,Random Forest (GA),0.3597,BENIGN,7,char_repeat,4.0,-0.014616,0.014616,BENIGN
3,https://www.ietf.org/,benign,Random Forest (GA),0.3597,BENIGN,8,phish_hints,0.0,-0.014288,0.014288,BENIGN
3,https://www.ietf.org/,benign,Random Forest (GA),0.3597,BENIGN,9,avg_word_path,0.0,-0.014249,0.014249,BENIGN
3,https://www.ietf.org/,benign,Random Forest (GA),0.3597,BENIGN,10,ratio_digits_url,0.0,-0.013964,0.013964,BENIGN
3,https://www.ietf.org/,benign,XGBoost (GA),0.0264,BENIGN,1,nb_www,1.0,-1.206183,1.206183,BENIGN
3,https://www.ietf.org/,benign,XGBoost (GA),0.0264,BENIGN,2,nb_hyperlinks,160.0,-1.189527,1.189527,BENIGN
3,https://www.ietf.org/,benign,XGBoost (GA),0.0264,BENIGN,3,google_index,1.0,1.061653,1.061653,PHISHING
3,https://www.ietf.org/,benign,XGBoost (GA),0.0264,BENIGN,4,page_rank,4.78,-0.97169,0.97169,BENIGN
3,https://www.ietf.org/,benign,XGBoost (GA),0.0264,BENIGN,5,shortest_word_path,0.0,-0.469145,0.469145,BENIGN
3,https://www.ietf.org/,benign,XGBoost (GA),0.0264,BENIGN,6,phish_hints,0.0,-0.423652,0.423652,BENIGN
3,https://www.ietf.org/,benign,XGBoost (GA),0.0264,BENIGN,7,login_form,1.0,0.394039,0.394039,PHISHING
3,https://www.ietf.org/,benign,XGBoost (GA),0.0264,BENIGN,8,web_traffic,0.0,0.378256,0.378256,PHISHING
3,https://www.ietf.org/,benign,XGBoost (GA),0.0264,BENIGN,9,longest_words_raw,5.0,-0.320064,0.320064,BENIGN
3,https://www.ietf.org/,benign,XGBoost (GA),0.0264,BENIGN,10,nb_hyphens,0.0,0.309657,0.309657,PHISHING
3,https://www.ietf.org/,benign,"Stacking (RF+XGB+LR, GA)",0.072,BENIGN,1,page_rank,4.78,-0.119639,0.119639,BENIGN
3,https://www.ietf.org/,benign,"Stacking (RF+XGB+LR, GA)",0.072,BENIGN,2,nb_www,1.0,-0.103839,0.103839,BENIGN
3,https://www.ietf.org/,benign,"Stacking (RF+XGB+LR, GA)",0.072,BENIGN,3,nb_hyperlinks,160.0,-0.066877,0.066877,BENIGN
3,https://www.ietf.org/,benign,"Stacking (RF+XGB+LR, GA)",0.072,BENIGN,4,phish_hints,0.0,-0.032947,0.032947,BENIGN
3,https://www.ietf.org/,benign,"Stacking (RF+XGB+LR, GA)",0.072,BENIGN,5,length_hostname,12.0,-0.023854,0.023854,BENIGN
3,https://www.ietf.org/,benign,"Stacking (RF+XGB+LR, GA)",0.072,BENIGN,6,nb_at,0.0,-0.022151,0.022151,BENIGN
3,https://www.ietf.org/,benign,"Stacking (RF+XGB+LR, GA)",0.072,BENIGN,7,nb_dots,2.0,-0.019545,0.019545,BENIGN
3,https://www.ietf.org/,benign,"Stacking (RF+XGB+LR, GA)",0.072,BENIGN,8,shortest_word_path,0.0,-0.018914,0.018914,BENIGN
3,https://www.ietf.org/,benign,"Stacking (RF+XGB+LR, GA)",0.072,BENIGN,9,whois_registered_domain,0.0,-0.018524,0.018524,BENIGN
3,https://www.ietf.org/,benign,"Stacking (RF+XGB+LR, GA)",0.072,BENIGN,10,ip,0.0,-0.015079,0.015079,BENIGN
4,http://nmhokdypni.sum4iit.club/vnafvra97w/?q=3717065149&id=100,phishing,Random Forest (GA),0.7979,PHISHING,1,page_rank,0.0,0.120157,0.120157,PHISHING
4,http://nmhokdypni.sum4iit.club/vnafvra97w/?q=3717065149&id=100,phishing,Random Forest (GA),0.7979,PHISHING,2,google_index,0.0,-0.059068,0.059068,BENIGN
4,http://nmhokdypni.sum4iit.club/vnafvra97w/?q=3717065149&id=100,phishing,Random Forest (GA),0.7979,PHISHING,3,nb_hyperlinks,0.0,0.042533,0.042533,PHISHING
4,http://nmhokdypni.sum4iit.club/vnafvra97w/?q=3717065149&id=100,phishing,Random Forest (GA),0.7979,PHISHING,4,web_traffic,0.0,0.039744,0.039744,PHISHING
4,http://nmhokdypni.sum4iit.club/vnafvra97w/?q=3717065149&id=100,phishing,Random Forest (GA),0.7979,PHISHING,5,nb_www,0.0,0.028753,0.028753,PHISHING
4,http://nmhokdypni.sum4iit.club/vnafvra97w/?q=3717065149&id=100,phishing,Random Forest (GA),0.7979,PHISHING,6,domain_in_title,0.0,-0.028731,0.028731,BENIGN
4,http://nmhokdypni.sum4iit.club/vnafvra97w/?q=3717065149&id=100,phishing,Random Forest (GA),0.7979,PHISHING,7,ratio_digits_url,0.2580645161290322,0.026904,0.026904,PHISHING
4,http://nmhokdypni.sum4iit.club/vnafvra97w/?q=3717065149&id=100,phishing,Random Forest (GA),0.7979,PHISHING,8,domain_age,0.0,0.022952,0.022952,PHISHING
4,http://nmhokdypni.sum4iit.club/vnafvra97w/?q=3717065149&id=100,phishing,Random Forest (GA),0.7979,PHISHING,9,safe_anchor,0.0,0.016706,0.016706,PHISHING
4,http://nmhokdypni.sum4iit.club/vnafvra97w/?q=3717065149&id=100,phishing,Random Forest (GA),0.7979,PHISHING,10,ratio_digits_host,0.0434782608695652,0.015261,0.015261,PHISHING
4,http://nmhokdypni.sum4iit.club/vnafvra97w/?q=3717065149&id=100,phishing,XGBoost (GA),0.9764,PHISHING,1,page_rank,0.0,2.350917,2.350917,PHISHING
4,http://nmhokdypni.sum4iit.club/vnafvra97w/?q=3717065149&id=100,phishing,XGBoost (GA),0.9764,PHISHING,2,ratio_digits_url,0.2580645161290322,0.677242,0.677242,PHISHING
4,http://nmhokdypni.sum4iit.club/vnafvra97w/?q=3717065149&id=100,phishing,XGBoost (GA),0.9764,PHISHING,3,nb_www,0.0,0.667276,0.667276,PHISHING
4,http://nmhokdypni.sum4iit.club/vnafvra97w/?q=3717065149&id=100,phishing,XGBoost (GA),0.9764,PHISHING,4,nb_hyperlinks,0.0,0.664354,0.664354,PHISHING
4,http://nmhokdypni.sum4iit.club/vnafvra97w/?q=3717065149&id=100,phishing,XGBoost (GA),0.9764,PHISHING,5,google_index,0.0,-0.65547,0.65547,BENIGN
4,http://nmhokdypni.sum4iit.club/vnafvra97w/?q=3717065149&id=100,phishing,XGBoost (GA),0.9764,PHISHING,6,length_url,62.0,-0.650929,0.650929,BENIGN
4,http://nmhokdypni.sum4iit.club/vnafvra97w/?q=3717065149&id=100,phishing,XGBoost (GA),0.9764,PHISHING,7,https_token,0.0,0.483476,0.483476,PHISHING
4,http://nmhokdypni.sum4iit.club/vnafvra97w/?q=3717065149&id=100,phishing,XGBoost (GA),0.9764,PHISHING,8,nb_qm,1.0,0.475842,0.475842,PHISHING
4,http://nmhokdypni.sum4iit.club/vnafvra97w/?q=3717065149&id=100,phishing,XGBoost (GA),0.9764,PHISHING,9,longest_word_path,10.0,-0.424878,0.424878,BENIGN
4,http://nmhokdypni.sum4iit.club/vnafvra97w/?q=3717065149&id=100,phishing,XGBoost (GA),0.9764,PHISHING,10,suspicious_tld,1.0,0.3975,0.3975,PHISHING
4,http://nmhokdypni.sum4iit.club/vnafvra97w/?q=3717065149&id=100,phishing,"Stacking (RF+XGB+LR, GA)",0.9702,PHISHING,1,page_rank,0.0,0.152321,0.152321,PHISHING
4,http://nmhokdypni.sum4iit.club/vnafvra97w/?q=3717065149&id=100,phishing,"Stacking (RF+XGB+LR, GA)",0.9702,PHISHING,2,nb_redirection,0.0,0.061099,0.061099,PHISHING
4,http://nmhokdypni.sum4iit.club/vnafvra97w/?q=3717065149&id=100,phishing,"Stacking (RF+XGB+LR, GA)",0.9702,PHISHING,3,whois_registered_domain,0.0,0.053957,0.053957,PHISHING
4,http://nmhokdypni.sum4iit.club/vnafvra97w/?q=3717065149&id=100,phishing,"Stacking (RF+XGB+LR, GA)",0.9702,PHISHING,4,nb_www,0.0,0.049058,0.049058,PHISHING
4,http://nmhokdypni.sum4iit.club/vnafvra97w/?q=3717065149&id=100,phishing,"Stacking (RF+XGB+LR, GA)",0.9702,PHISHING,5,ratio_digits_host,0.0434782608695652,0.032767,0.032767,PHISHING
4,http://nmhokdypni.sum4iit.club/vnafvra97w/?q=3717065149&id=100,phishing,"Stacking (RF+XGB+LR, GA)",0.9702,PHISHING,6,nb_semicolumn,0.0,0.032269,0.032269,PHISHING
4,http://nmhokdypni.sum4iit.club/vnafvra97w/?q=3717065149&id=100,phishing,"Stacking (RF+XGB+LR, GA)",0.9702,PHISHING,7,nb_hyperlinks,0.0,0.023763,0.023763,PHISHING
4,http://nmhokdypni.sum4iit.club/vnafvra97w/?q=3717065149&id=100,phishing,"Stacking (RF+XGB+LR, GA)",0.9702,PHISHING,8,ratio_extMedia,0.0,0.020802,0.020802,PHISHING
4,http://nmhokdypni.sum4iit.club/vnafvra97w/?q=3717065149&id=100,phishing,"Stacking (RF+XGB+LR, GA)",0.9702,PHISHING,9,nb_eq,2.0,0.020455,0.020455,PHISHING
4,http://nmhokdypni.sum4iit.club/vnafvra97w/?q=3717065149&id=100,phishing,"Stacking (RF+XGB+LR, GA)",0.9702,PHISHING,10,dns_record,0.0,0.010248,0.010248,PHISHING
